{
	"credit": "Made with Blockbench",
	"parent": "builtin/entity",
	"textures": {
		"particle": "block/dark_oak_planks"
	},
	"gui_light": "front",
	"display": {
		"thirdperson_righthand": {
			"rotation": [45, 135, 0],
			"translation": [1.26, 13, -2]
		},
		"thirdperson_lefthand": {
			"rotation": [45, 135, 0],
			"translation": [12.51, 5.25, 5.75]
		},
		"firstperson_righthand": {
			"rotation": [0, 180, -5],
			"translation": [-15, -1, -11]
		},
		"firstperson_lefthand": {
			"rotation": [0, 180, -5],
			"translation": [5, 0.9, -11]
		},
		"gui": {
			"rotation": [15, -25, -5],
			"translation": [2, 3, 0],
			"scale": [0.65, 0.65, 0.65]
		}
	}
}